🎯 LEAD GENERATION DASHBOARD,,,,,,,,,,,
Total Leads:,107,Emails Found:,7,Hit Rate:,7%,Contacted:,0,Replied:,0,,
#,Business Name,Category,Country,City,Address,Website,Email,Phone,Email Status,Outreach Status,Notes
1,SEPHORA,Magasin de cosmétiques,US,New York,"580 5th Ave #1, New York, NY 10036",https://www.sephora.com/happening/stores/new-york-5th-avenue?utm_source=gmb&utm_medium=Yext,N/A,(212) 278-0037,⏳ Pending,,
2,Head Start & Early Learning Programs @ Amherst Community Child Care,Crèche,US,Amherst,"61 Strong St, Amherst, MA 01002",https://www.communityaction.us/program/center-based-head-start/,N/A,(413) 548-1290,⏳ Pending,,
3,Barcelone,,ES,Barcelone,"Barcelone, Espagne",,hselpenrollment@communityaction.us,,✅ Found,,
4,Head Start & Early Learning Programs,École maternelle,US,Amherst,"1200 N Pleasant St, Amherst, MA 01002",,N/A,(413) 548-1282,⏳ Pending,,
5,Smart Start Ignition Interlock,Fournisseur d'équipement de sécurité,US,Hadley,"30 Russell St Rt. 9, Hadley, MA 01035",https://www.smartstartinc.com/locations/ignition-interlock-massachusetts-hadley-30-russell-st-01035/?utm_source=Google&utm_campaign=1119&utm_medium=locations_organic,N/A,(413) 923-3193,⏳ Pending,,
6,Easthampton Head Start,Crèche,US,Northampton,"56 Vernon St, Northampton, MA 01060",,N/A,(413) 203-8270,⏳ Pending,,
7,Londres,,GB,Londres,"Londres, Royaume-Uni",http://www.london.gov.uk/,N/A,,⏳ Pending,,
8,Mian Tian Sing Hair Salon,Salon de coiffure,US,New York,"170 Canal St 2nd floor, New York, NY 10013",https://www.miantiansingsalon.com/,N/A,(917) 353-5985,⏳ Pending,,
9,Salon 25,Institut de beauté,US,New York,"111 John St, New York, NY 10038",,N/A,(212) 227-4066,⏳ Pending,,
10,Madison25 h&n,Institut de beauté,US,New York,"420 Madison Ave Suite406, New York, NY 10017",https://www.madison25nyc.com/,N/A,(212) 755-2623,⏳ Pending,,
11,NoHo Hair Salon,Salon de coiffure,US,New York,"641 Broadway, New York, NY 10012",https://www.nohosalon.com/,N/A,(212) 777-2899,⏳ Pending,,
12,Adel Atelier,Salon de coiffure,US,New York,"231 E 58th St, New York, NY 10022",http://adelatelier.com/,N/A,(917) 257-9080,⏳ Pending,,
13,Yama Hair Salon,Salon de coiffure,US,New York,"6 Spring St, New York, NY 10012",http://yamahairsalon.com/,N/A,(917) 475-1283,⏳ Pending,,
14,CLW Hair Fashion,Salon de coiffure,US,New York,"115 Mott St, New York, NY 10013",,N/A,(917) 261-5191,⏳ Pending,,
15,Fox and Jane Salon,Salon de coiffure,US,New York,"143 Ludlow St, New York, NY 10002",http://foxandjanesalon.com/,N/A,(212) 837-2774,⏳ Pending,,
16,Palms Salon,Salon de coiffure,US,New York,"353 E 15th St FL 2, New York, NY 10003",https://palms-salon.com/,N/A,(646) 599-3342,⏳ Pending,,
17,"Love, Dunette",Salon de coiffure,US,New York,"124 Ridge St, New York, NY 10002",http://www.lovedunette.com/,N/A,(646) 912-9332,⏳ Pending,,
18,Salon V,Salon de coiffure,US,New York,"10 E 8th St, New York, NY 10003",http://www.salonvnyc.com/,N/A,(212) 529-0241,⏳ Pending,,
19,Unfade x Muze Salon,Salon de coiffure,US,New York,"141 W 20th St, New York, NY 10011",http://unfadexmuze.com/,N/A,(929) 666-8658,⏳ Pending,,
20,IGK Salon,Salon de coiffure,US,New York,"325 W Broadway, New York, NY 10013",https://www.igkhair.com/,N/A,(646) 992-1392,⏳ Pending,,
21,Salon West,Salon de coiffure,US,New York,"625 Amsterdam Ave, New York, NY 10024",http://www.salonwestnyc.com/,N/A,(646) 876-1127,⏳ Pending,,
22,Honeybliss Salon,Salon de coiffure,US,New York,"1216 Lexington Ave, New York, NY 10028",http://www.honeyblisssalon.com/,N/A,(212) 288-1676,⏳ Pending,,
23,Mure Salon,Salon de coiffure,US,New York,"1566 2nd Ave, New York, NY 10028",https://www.muresalon.com/,N/A,(212) 628-5393,⏳ Pending,,
24,MEY New York,Salon de coiffure,US,New York,"90 E 3rd St, New York, NY 10003",https://meynewyork.com/,N/A,(347) 639-2444,⏳ Pending,,
25,Shear Bliss NYC Salon,Salon de coiffure,US,New York,"397 3rd Ave, New York, NY 10016",https://www.shearblissnyc.com/,N/A,(212) 213-6050,⏳ Pending,,
26,Salon 241,Salon de coiffure,US,Northampton,"30 Market St, Northampton, MA 01060",http://www.salon241.com/,N/A,(413) 584-7798,⏳ Pending,,
27,Bon Bon Salon,Salon de coiffure,US,New York,"353 Lexington Ave, New York, NY 10016",https://bon-bon.com/,N/A,(212) 286-5300,⏳ Pending,,
28,Rogue House Salon,Salon de coiffure,US,New York,"74 E 7th St, New York, NY 10003",https://roguehousesalon.com/,N/A,(917) 983-9177,⏳ Pending,,
29,One Salon,Salon de coiffure,US,New York,"1111 2nd Ave, New York, NY 10022",https://onesalonnyc.com/,N/A,(646) 566-8253,⏳ Pending,,
30,Bon Bon Salon & Spa,Salon de coiffure,US,New York,"270 Madison Ave, New York, NY 10016",https://www.bon-bon.com/,N/A,(212) 286-2266,⏳ Pending,,
31,Shampoo Avenue B,Salon de coiffure,US,New York,"14 Avenue B, New York, NY 10009",https://www.shampooavenueb.com/,N/A,(212) 777-2031,⏳ Pending,,
32,The Drawing Room New York,Salon de coiffure,US,New York,"148 Spring St, New York, NY 10012",https://thedrawingroomny.com/,N/A,(212) 226-2600,⏳ Pending,,
33,& Plus salon,Salon de coiffure,US,New York,"152 Allen St, New York, NY 10002",https://instagram.com/hairloungenyc?igshid=17efre9radsta,N/A,(212) 777-7718,⏳ Pending,,
34,NEPA Liquidation,Liquidateur,US,Avoca,"507 Rocky Glen Rd, Avoca, PA 18641",http://www.nepaliquidation.com/,N/A,(570) 299-9754,⏳ Pending,,
35,The Pallet Factory,Service de transport,US,Warwick,"88 D Jefferson Blvd, Warwick, RI 02888",https://www.facebook.com/marketplace/profile/100029405830239/?ref=permalink&mibextid=6ojiHh,N/A,(401) 388-0093,⏳ Pending,,
36,888 Lots,Liquidateur,US,Linden,"1416 E Linden Ave, Linden, NJ 07036",https://888lots.com/?utm_campaign=WebsiteLinkBusinessInfo&utm_medium=GoogleBusinessInfo&utm_source=GoogleBusinessProfile,N/A,(908) 583-9300,⏳ Pending,,
37,AAA Closeout Liquidators,Liquidateur,US,Albany,"Sorry, no walk-in visitors. Visits by written E-MAIL appointment only!, 41 State St, Albany, NY 12207",https://aaacloseout.com/,N/A,(518) 217-8587,⏳ Pending,,
38,Elite Liquidations,Liquidateur,US,Nashua,"18 Celina Ave #16, Nashua, NH 03063",,N/A,(603) 440-0433,⏳ Pending,,
39,Closeout Pallet,Grossiste,US,Garwood,"110 South Ave A, Garwood, NJ 07027",https://closeoutpallets.com/,N/A,(347) 685-9335,⏳ Pending,,
40,westchester liquidators,Grossiste,US,Mt Vernon,"6 S 4th Ave, Mt Vernon, NY 10550",https://instagram.com/westchesterliquidators?igshid=YmMyMTA2M2Y=,N/A,(914) 371-1531,⏳ Pending,,
41,Liquidation and Surplus,Fournisseur d'équipement de manutention,US,Ghent,"34 Salerno Dr, Ghent, NY 12075",,N/A,(845) 988-6606,⏳ Pending,,
42,B J Liquidators,Liquidateur,US,Smithfield,"Tarklin Rd, Smithfield, RI 02917",,N/A,(401) 949-1778,⏳ Pending,,
43,Treasure Liquidation,Liquidateur,US,East Longmeadow,"169 Shaker Rd, East Longmeadow, MA 01028",https://sites.google.com/d/1M05Cf-_q9Nb9YQy3as7st1UvJ__VpjM3/p/1wQZrS9G1tL3D5aZcH9jT0upk4Br9x-Ti/edit?pli=1,N/A,(413) 419-7124,⏳ Pending,,
44,Opened box liquidation pallets llc,Agence de location d’espaces commerciaux,US,Bronx,"554 Casanova St, Bronx, NY 10474",https://usapalletliquidators.com/,N/A,,⏳ Pending,,
45,"SCD Sales and Liquidation, LLC",Grossiste,US,Johnston,"807 Hartford Ave, Johnston, RI 02919",https://www.scdliquidation.com/,N/A,(401) 300-0159,⏳ Pending,,
46,Rays liquidation,Liquidateur,US,Chicopee,"151 E Main St, Chicopee, MA 01020",https://m.facebook.com/Raysliquidations/,N/A,(413) 523-4223,⏳ Pending,,
47,American Liquidations,Grossiste,US,Waterbury,"204 Austin Rd, Waterbury, CT 06705",https://www.americanliquidations.com/,N/A,(203) 587-4132,⏳ Pending,,
48,Mega National Liquidators Inc,Liquidateur,US,Bronx,"4001 White Plains Rd, Bronx, NY 10466",https://meganationalliquidators.com/,N/A,(718) 882-6636,⏳ Pending,,
49,California Avenue Skin & Body,Institut de beauté,US,Fair Oaks,"7996 California Ave Suite B, Fair Oaks, CA 95628",,N/A,(916) 966-0180,⏳ Pending,,
50,DermaNew Microdermabrasion Skin Care,Clinique dermatologique,US,Beverly Hills,"Beverly Hills, CA 90210",,N/A,(310) 704-1418,⏳ Pending,,
51,Skin Renewal,Clinique dermatologique,US,Laguna Hills,"23121 Verdugo Dr #104, Laguna Hills, CA 92653",https://www.myskinrenewal.com/,N/A,(949) 981-3426,⏳ Pending,,
52,Southern California Skin & Laser,Clinique dermatologique,US,Laguna Niguel,"27020 Alicia Pkwy G, Laguna Niguel, CA 92677",http://www.socalskinandlaser.com/,N/A,(949) 707-5734,⏳ Pending,,
53,SF Skincare,Institut de soins du visage,US,San Francisco,"2000 Van Ness Ave Suite 307, San Francisco, CA 94109",http://www.sfskincare.com/,N/A,(415) 922-5694,⏳ Pending,,
54,The Skin Sanctuary,Clinique dermatologique,US,Laguna Hills,"25255 Cabot Rd, Laguna Hills, CA 92653",,N/A,(949) 842-5078,⏳ Pending,,
55,Skincare Correctives,Clinique dermatologique,US,Murrieta,"25108 Jefferson Ave STE B, Murrieta, CA 92562",http://skincarecorrectives.com/,N/A,,⏳ Pending,,
56,Skin by Lara,Clinique dermatologique,US,Murrieta,"40516 Murrieta Hot Springs Rd Bldg B Suite 13, Murrieta, CA 92563",http://skinclinicbylara.com/,N/A,(951) 581-5601,⏳ Pending,,
57,Oceren Skincare Spa,Clinique dermatologique,US,Tustin,"12581 Newport Ave Suite B, Tustin, CA 92780",http://oceren.com/,N/A,(714) 733-7525,⏳ Pending,,
58,California Cosmetics,Clinique dermatologique,US,Newport Beach,"2001 Westcliff Dr #201, Newport Beach, CA 92660",https://californiacosmetics.com/?utm_source=google&utm_medium=local&utm_campaign=newportbeach-practice-website,N/A,(855) 977-1982,⏳ Pending,,
59,Sugarface Skincare,Clinique dermatologique,US,Sherman Oaks,"13910 Ventura Blvd, Sherman Oaks, CA 91423",https://www.sugarfaceskincare.com/,N/A,(818) 300-8459,⏳ Pending,,
60,Skin Sanctuary | Spiritual Skin Healing Specialist | DMK Enzyme Therapy,Clinique dermatologique,US,Los Angeles,"1617 N El Centro Ave Unit 20, Los Angeles, CA 90028",http://skinsanctuaryla.com/,N/A,(213) 437-3073,⏳ Pending,,
61,California Skincare Supply,Grossiste en produits de beauté,US,Scotts Valley,"340 El Pueblo Rd Ste D, Scotts Valley, CA 95066",http://www.californiaskincaresupply.com/,N/A,(831) 438-7401,⏳ Pending,,
62,Barstow Massage and Bodywork,Clinique,US,Hadley,"8 River Dr, Hadley, MA 01035",http://www.barstowbodywork.com/,N/A,(413) 588-1124,⏳ Pending,,
63,Skin Science LA,Clinique dermatologique,US,Valley Glen,"12645 Oxnard St, Valley Glen, CA 91606",https://skinsciencela.com/,N/A,(818) 307-6526,⏳ Pending,,
64,Activeskin,Magasin de produits de beauté,AU,Balgowlah,"6/14 Roseberry St, Balgowlah NSW 2093, Australie",http://www.activeskin.com.au/,N/A,,⏳ Pending,,
65,Australian All Natural Skincare,Magasin de cosmétiques,AU,Elsternwick,"Suite 14/283 Glen Huntly Rd, Elsternwick VIC 3185, Australie",https://www.australianallnaturalskincare.com.au/,N/A,,⏳ Pending,,
66,EDEN PHARMACY,Pharmacie,SC,Beau Vallon,"N Coast Rd, Beau Vallon",https://euromedical.info/services/pharmacy-stores/pharmacy-details/,N/A,2 504 212,⏳ Pending,,
67,The Skincare Company,Siège social,AU,South Geelong,"Lot 1/24-28 Raptor Pl, South Geelong VIC 3220, Australie",https://theskincarecompany.com.au/,N/A,,⏳ Pending,,
68,LeClinic's Medicine and Cosmetic Surgery,Institut de beauté,ES,Madrid,"C. de Toledo, 151, Arganzuela, 28005 Madrid, Espagne",,N/A,,⏳ Pending,,
69,Madrid Day Spa by Nuilea,Institut de massages,ES,Madrid,"C. del León, 4, Centro, 28014 Madrid, Espagne",https://madrid-day-spa.com/,N/A,,⏳ Pending,,
70,Seoul Skin Solutions,Clinique dermatologique,ES,Madrid,"C. de Hernán Cortés, 10, Centro, 28004 Madrid, Espagne",,N/A,,⏳ Pending,,
71,SEPHORA FLAGSHIP SOL,Magasin de cosmétiques,ES,Madrid,"Prta del Sol, 11, Centro, 28013 Madrid, Espagne",https://www.sephora.es/informacion-tienda?storeID=E84&utm_source=local&utm_support=organic&utm_campaign=uberall,N/A,,⏳ Pending,,
72,ONESKIN-MED Clínica Dermatológica,Clinique dermatologique,ES,Madrid,"Calle de Fernández de la Hoz, 76, bajo A, Chamberí, 28003 Madrid, Espagne",https://www.oneskinmed.com/,N/A,,⏳ Pending,,
73,Kiehls,Magasin de cosmétiques,ES,Madrid,"C. de Preciados, 3, Centro, 28013 Madrid, Espagne",https://www.kiehls.es/,N/A,,⏳ Pending,,
74,Tratamientos faciales Madrid.Desmarkarte,Institut de soins du visage,ES,Madrid,"P.º del Pintor Rosales, 12, Moncloa - Aravaca, 28008 Madrid, Espagne",https://desmark-arte.es/servicios/tratamientos/,N/A,,⏳ Pending,,
75,The Lab Room,Institut de beauté,ES,Madrid,"C. de Claudio Coello, 13 bis, Salamanca, 28001 Madrid, Espagne",http://www.thelabroom.com/,N/A,,⏳ Pending,,
76,ROWSE The Greenhouse,Magasin de cosmétiques,ES,Madrid,"C. de Argensola, 26, Centro, 28004 Madrid, Espagne",https://rowse.co/pages/the-greenhouse-madrid,N/A,,⏳ Pending,,
77,MiiN Korean Cosmetics · Boutique & Treatments,Magasin de cosmétiques,ES,Madrid,"Corre. Alta de San Pablo, 1, Centro, 28004 Madrid, Espagne",,N/A,,⏳ Pending,,
78,Sesderma Skin and Beauty Center Madrid | Centro de estética y bienestar y tienda oficial Sesderma,Centre de bien-être,ES,Madrid,"Calle Velázquez, 35, Salamanca, 28001 Madrid, Espagne",https://sesdermaskincenter.es/,N/A,,⏳ Pending,,
79,MiiN Korean Cosmetics · Goya,Magasin de cosmétiques,ES,Madrid,"Calle de Goya, 38, Salamanca, 28001 Madrid, Espagne",,N/A,,⏳ Pending,,
80,THE HOLISTIC SKIN CARE,Institut de beauté,ES,Madrid,"C. de Hilarión Eslava, 60, Chamberí, 28015 Madrid, Espagne",https://booksy.com/es-es/67828_the-holistic-skin-care-by-sunny-cho_cuidado-de-la-piel_53009_madrid,N/A,,⏳ Pending,,
81,Planet Skin,Magasin de cosmétiques,ES,Madrid,"C. del Conde de Peñalver, 13, Salamanca, 28001 Madrid, Espagne",https://planet-skin.com/,N/A,,⏳ Pending,,
82,Anna Vazquez Skin Care,Institut de beauté,ES,Madrid,"Cl. de Ayala, 117, Salamanca, 28009 Madrid, Espagne",https://www.annavazquezskincare.com/,N/A,,⏳ Pending,,
83,Dellicare Bio,Magasin de produits de beauté,ES,Madrid,"Dry Bar, C. de Pelayo, 76, Local ( Blow, Centro, 28004 Madrid, Espagne",https://www.dellicare.com/,N/A,,⏳ Pending,,
84,Bbeauty Madrid,Institut de beauté,ES,Madrid,"Cl. de Ayala, 89, 1ºA, Salamanca, 28006 Madrid, Espagne",http://www.bbeautymadrid.com/,N/A,,⏳ Pending,,
85,MiiN Korean Cosmetics · Fuencarral,Magasin de cosmétiques,ES,Madrid,"Calle de Fuencarral, 91, Centro, 28004 Madrid, Espagne",https://miin-cosmetics.com/?utm_source=bing&utm_medium=cpc&utm_campaign=brand&msclkid=e9bb3311000e1cc178235a42eee77a34&utm_term=miin%20korean%20cosmetics&utm_content=ES%20-%20ES%20-%20Brand%20-%20EXACT,N/A,,⏳ Pending,,
86,Sakura Wellness & Essence,Institut de beauté,ES,Madrid,"Cl. de Ayala, 98, Salamanca, 28001 Madrid, Espagne",https://bienestarsakura.es/,N/A,,⏳ Pending,,
87,Skincare Studio,Infirmier praticien,ES,Madrid,"C. de Mantuano, 56, Chamartín, 28002 Madrid, Espagne",http://skincarestudiobyjess.mytreatwell.es/,N/A,,⏳ Pending,,
88,PEPTIDES Supplier London,Laboratoire pharmaceutique,GB,London,"27 Fortess Rd, London NW5 1AD, Royaume-Uni",https://wa.me/message/HJXY4EZ4SHYPG1,N/A,,⏳ Pending,,
89,Trevor Peptides,Centre d'amincissement,GB,London,"Lordship Lane, London SE22 8HU, Royaume-Uni",https://wa.me/237652819741,N/A,,⏳ Pending,,
90,Nūūtro Health and Wellness Clinic,Centre de bien-être,GB,London,"58 S Molton St, London W1K 5SL, Royaume-Uni",https://nuutro.co.uk/,N/A,,⏳ Pending,,
91,The Catalyst Clinic,Centre de bien-être,GB,London,"96 Kensington High St, London W8 4SG, Royaume-Uni",https://www.thecatalystclinic.com/wellness/peptide-therapy,N/A,,⏳ Pending,,
92,Peptide shop,Grossiste en produits de beauté,GB,London,"HOUSE NUMBER AND STREET, 49 Featherstone St, London SW1A 1AA, Royaume-Uni",https://t.me/peptide_shop99,N/A,(484) 840-7072,⏳ Pending,,
93,Peptide Hub,Centre d'amincissement,GB,London,"666A Holloway Rd, Archway, London N19 3NU, Royaume-Uni",,N/A,(818) 205-5784,⏳ Pending,,
94,Pure Peptides UK,Laboratoire pharmaceutique,GB,London,"LP23037, 157 St John St, London EC1V 4PW, Royaume-Uni",http://purepeptidesuk.net/,N/A,,⏳ Pending,,
95,Pure Progress Ltd,Service d'e-commerce,GB,London,"27 Old Gloucester St, London WC1N 3AX, Royaume-Uni",http://purepeptidesuk.com/,N/A,,⏳ Pending,,
96,PEPTIDE PRO,Service d'e-commerce,GB,London,"7 Berkeley Square, London W1J 6ES, Royaume-Uni",http://www.peptidepro.co.uk/,N/A,,⏳ Pending,,
97,Peptide Plus Pharma,Laboratoire pharmaceutique,GB,London,"106 Harley St, London W1G 9QY, Royaume-Uni",https://peptidepluspharma.com/en/,N/A,,⏳ Pending,,
98,Centner Wellness,Clinique,US,Miami,"2333 Brickell Ave a1, Miami, FL 33129",https://brickell.centnerwellness.com/,serenergysmartkating@gmail.com,(305) 602-5260,✅ Found,,
99,Infinity Beauty Lab Med Spa,Spa médical,US,Miami,"40 SW 13th St suite 606, Miami, FL 33130",http://www.infinitybeautylab.com/,Infinitybeautylabmedspa@gmail.com,(561) 232-0263,✅ Found,,
100,Koreme Anti-aging & Aesthetics Medical Group (Virtual Telemedicine Antiaging & Weight loss Clinic),Centre de bien-être,US,Miami,"1395 Brickell Ave, Miami, FL 33131",http://www.koremeantiaging.com/,info@koremeantiaging.com,(877) 756-7363,✅ Found,,
101,The Health Depot,Centre de bien-être,US,Miami,"2199 W Flagler St, Miami, FL 33135",https://thehealthdepotfl.com/,N/A,(888) 658-6067,⏳ Pending,,
102,Rewind Anti-Aging of Miami,Spa médical,US,Miami,"24 NW 29th St, Miami, FL 33127",http://rewindantiagingmiami.com/,N/A,(305) 922-9622,⏳ Pending,,
103,Liquivida Brickell by Mesalogy Health,Centre de bien-être,US,Miami,"Parking Easy And Available Inside Building, 848 Brickell Ave #617, Miami, FL 33131",https://www.liquivida.com/brickell,N/A,(305) 504-8860,⏳ Pending,,
104,Novaskin Med Spa & Laser Center,Spa médical,US,Miami,"175 SW 7th St STE 2006, Miami, FL 33130",https://novaskinmedspa.com/,info.novamedspa@gmail.com,(954) 599-2888,✅ Found,,
105,Rejuvchip,Centre de bien-être,US,Miami,"117 SW 10th St Suite 106, Miami, FL 33130",http://www.rejuvchip.com/,N/A,(786) 502-3492,⏳ Pending,,
106,Prime Lab Peptides,Entreprise de biotechnologie,US,Miami,"2125 Biscayne Blvd Ste 204 #20570, Miami, FL 33137",https://primelabpeptides.com/,support@primelabpeptides.com,,✅ Found,,
107,Alive Miami - IV Therapy | Peptides | NAD+ | Exosomes,Spa médical,US,Miami,"901 S Miami Ave 211 Second Floor, Miami, FL 33130",https://alivemiami.com/,info@alivemiami.com,(305) 897-7121,✅ Found,,